{"cameraMode":{"drawMode":0,"name":"Shaded","section":"Shading Mode"},"sceneLighting":true,"audioPlay":false,"sceneViewState":{"showFog":true,"showMaterialUpdate":false,"showSkybox":true,"showFlares":true,"showImageEffects":true,"showParticleSystems":true},"in2DMode":false,"pivot":{"x":0.09780000150203705,"y":0.8399999737739563,"z":-0.10000000894069672},"rotation":{"x":0.4992010295391083,"y":-0.2957332730293274,"z":0.18619275093078614,"w":0.7928896546363831},"size":0.673822283744812,"orthographic":true}