{"cameraMode":{"drawMode":0,"name":"Shaded","section":"Shading Mode"},"sceneLighting":false,"audioPlay":false,"sceneViewState":{"showFog":true,"showMaterialUpdate":false,"showSkybox":false,"showFlares":true,"showImageEffects":true,"showParticleSystems":true},"in2DMode":false,"pivot":{"x":-44.25360107421875,"y":-338.77313232421877,"z":24.659000396728517},"rotation":{"x":0.67088782787323,"y":-0.024456096813082696,"z":0.022147346287965776,"w":0.7408252358436585},"size":0.0527166873216629,"orthographic":false}