{"cameraMode":{"drawMode":0,"name":"Shaded","section":"Shading Mode"},"sceneLighting":true,"audioPlay":false,"sceneViewState":{"showFog":true,"showMaterialUpdate":false,"showSkybox":true,"showFlares":true,"showImageEffects":true,"showParticleSystems":true},"in2DMode":false,"pivot":{"x":0.2579485774040222,"y":1.1285381317138672,"z":-0.11496635526418686},"rotation":{"x":0.3978259265422821,"y":-0.2745411694049835,"z":0.12607654929161073,"w":0.8662997484207153},"size":0.12383125722408295,"orthographic":true}